HUC_8,1980,1981,1982,1983,1984,1985,1986,1987,1988,1989,1990,1991,1992,1993,1994,1995,1996,1997,1998,1999,2000,2001,2002,2003,2004,2005,2006,2007,2008,2009,2010,2011
02050104,31.0892,38.2258,34.5125,36.7835,46.5078,34.1836,38.4126,36.2069,29.7707,38.0321,46.5546,29.4346,44.7451,42.7475,49.0478,38.0544,51.0783,38.1666,42.3215,39.723,40.6602,34.4062,41.7929,49.6348,51.8953,45.259,48.0504,41.7316,42.4013,39.2621,43.543,56.4234
02050106,32.1089,37.5215,35.924,47.2591,45.9229,39.8196,44.7424,40.4899,33.019,42.9528,49.2492,33.0135,41.6041,46.8212,51.2953,38.7227,56.2677,35.6482,44.9899,41.0054,45.4283,37.5504,46.5579,54.358,54.783,46.6864,51.5424,45.7011,49.1402,41.5553,43.7425,68.6906
02050107,30.8805,41.0743,41.0861,51.9846,47.924,44.2646,48.3941,45.3639,41.2966,45.8613,54.2959,38.386,43.1086,49.7534,54.4864,39.5682,64.1412,37.5437,46.3874,43.3789,47.406,36.6251,49.3747,60.898,57.725,48.1771,57.731,48.5847,52.9784,46.3988,45.2499,77.0155
02050201,40.0882,43.6365,40.7283,44.0855,49.8833,44.7953,46.8722,44.1413,37.4537,46.3192,55.5467,37.3195,45.3817,51.3353,53.581,40.7349,61.5419,44.1162,43.6241,43.7087,42.653,35.7178,45.9547,56.2162,59.5137,43.5579,46.5234,45.7073,46.7503,42.587,44.5668,61.4545
02050202,39.4321,46.6473,42.1927,46.9499,54.7677,45.8736,46.8866,46.1349,37.3489,45.4405,57.4714,37.497,54.5289,50.1531,55.7473,42.2069,60.2274,45.9608,43.6726,43.7666,44.2897,40.1348,48.853,58.392,61.5078,45.274,51.9563,48.8716,45.5323,44.073,46.1155,60.368
02050203,37.1179,43.6085,40.0946,47.0247,54.3236,42.9743,47.0886,41.8278,36.7467,41.406,53.9066,36.0897,49.666,50.5047,53.8079,41.9209,61.797,42.126,43.8614,43.32,42.3687,39.9369,46.0605,60.0687,62.0334,44.7839,48.8945,43.6536,46.5125,44.1155,47.9683,63.8354
02050204,35.1703,42.7521,41.4031,49.2303,52.3078,41.3373,46.6807,42.363,36.6042,43.141,53.1483,35.7885,42.8328,51.3085,52.1365,39.8669,63.5286,40.0906,41.4039,42.6109,39.8033,35.3676,44.86,59.0753,59.3951,40.7447,44.7518,40.2634,46.1816,42.6976,45.4465,63.8282
02050205,35.0047,41.0638,35.6327,42.4079,49.213,37.7301,40.7381,36.0226,31.491,37.9246,47.1586,32.0578,45.5353,46.518,53.8848,41.9677,57.5961,40.5646,45.0867,44.2733,41.0983,39.2804,44.2666,56.8623,59.0603,47.7532,48.8059,45.5191,46.9296,42.4309,46.2835,62.9894
02050206,34.2999,40.5245,40.2596,50.9909,50.0539,40.2765,47.1349,41.2536,37.129,43.7096,52.9715,36.3877,44.1057,50.149,53.2942,40.366,61.3915,37.3967,46.134,47.7755,45.0149,38.736,48.1985,59.1918,60.0906,49.8749,53.8116,43.5446,50.8781,45.5133,45.2087,76.0504
02050302,37.4798,38.5124,40.0787,44.2027,46.34,41.0878,41.1448,40.4375,35.818,44.6245,48.2197,32.7139,38.5191,49.3103,49.0153,38.3104,61.2725,42.6443,40.9998,41.6024,36.6643,30.6408,42.1436,55.1931,55.7358,39.3503,41.8052,42.7217,44.4602,38.9436,43.2883,60.0215
02050303,38.0791,38.2764,37.4241,44.9229,46.1954,42.2811,36.9934,38.1279,35.7382,47.6046,44.116,28.1756,38.3741,47.6105,46.011,38.188,60.7422,41.7342,39.8899,42.1128,39.3538,28.6254,41.4283,53.8659,53.4641,35.8631,40.0274,45.0703,47.763,37.5338,41.9672,57.1941
02070001,39.1572,37.1335,42.7702,41.5826,44.1626,46.2585,35.6871,39.0189,30.0735,50.4281,44.2359,35.2507,40.1494,45.1993,46.0394,41.2959,66.2552,38.648,42.0081,36.5258,40.1409,37.7002,50.3708,61.9078,48.6477,39.9608,42.7072,44.1074,46.0614,45.1152,36.6387,56.2674
02070002,41.9084,43.2788,40.3566,42.7895,46.1714,48.2563,39.8684,38.1898,37.2993,47.9223,45.5471,32.4312,39.7935,47,49.2685,42.441,65.0067,42.1335,42.9006,38.0043,40.1587,37.661,46.8211,60.6681,51.3703,42.1206,40.4186,44.9961,52.8054,47.5445,41.9933,57.0118
03150105,59.0754,48.5687,69.7233,62.5093,55.279,48.324,40.3862,42.2322,42.6006,75.3829,64.5411,56.6653,65.1623,45.9015,66.3805,57.7559,62.2771,64.131,59.0549,49.3375,50.8314,54.9494,62.8895,66.2872,62.888,49.6488,47.1059,33.9358,51.7187,71.2439,48.4764,60.8553
03150106,57.5745,45.5499,69.1541,73.1682,50.3975,48.8881,38.3709,46.1701,49.1754,68.1652,57.9509,55.4472,60.5088,45.4187,61.9985,60.0091,59.6218,64.3742,57.7024,49.8936,47.8498,60.5259,62.73,66.5666,63.7271,53.4248,50.1538,31.6066,54.5937,75.6392,48.0893,57.6558
03150202,59.8096,48.5519,65.646,77.5218,51.4011,48.828,48.1517,48.2592,50.4011,63.2819,59.6618,57.9238,56.9765,48.8252,58.6284,60.1898,59.903,63.3696,62.5508,50.2677,44.6355,64.3334,59.4618,67.0595,58.9288,64.1665,51.5098,32.4642,56.6196,78.8941,51.1057,50.8509
03160101,59.3066,41.0734,70.4233,81.3898,53.1335,50.1914,50.8378,46.4046,46.9512,74.5967,67.3373,85.2667,51.7232,51.159,66.8873,60.3057,63.0424,66.1402,59.3536,51.2574,45.4652,70.5612,68.2954,67.9,72.4458,55.8312,52.0963,39.3293,56.0083,71.4472,48.0726,63.2906
03160103,65.9602,43.8179,69.6349,80.7206,55.5149,56.6389,53.6327,46.5647,50.209,75.655,71.733,81.4948,48.845,52.8382,67.7046,67.7652,66.1107,70.1581,61.7416,49.5514,45.3628,69.889,67.5342,71.5454,70.2153,58.5906,54.5354,40.7376,61.2659,78.1469,50.9179,62.9731
03160105,64.8386,41.5541,68.2305,83.9664,55.1514,53.0357,50.5119,44.5309,51.3503,75.5555,67.6708,74.7303,51.5015,49.7753,65.1548,65.863,64.0759,64.8539,61.0142,50.0068,44.0498,69.4042,64.7493,75.5949,67.3195,58.5397,54.7083,34.8339,61.4247,85.2332,50.8367,60.7927
03160106,61.3532,39.8444,63.7243,84.1521,50.3784,51.1391,46.5209,45.3549,51.3173,68.1297,61.7011,68.8465,53.825,49.9307,59.8491,57.8087,57.1795,63.6027,57.1782,50.3064,44.4172,64.28,57.2688,67.9015,64.7541,61.0516,52.3751,33.7985,57.2635,76.1851,48.56,55.0606
03160107,63.5374,42.33,68.0619,83.3759,52.1427,54.3715,48.9234,45.4322,52.2424,70.8205,65.3309,70.3079,53.6168,49.3826,62.9222,59.8886,63.1571,65.9939,60.3408,51.2054,46.7298,69.1749,62.1338,71.8857,67.8983,63.0653,55.5517,35.6381,59.3394,81.2642,51.11,59.0323
03160109,64.7362,45.6255,65.8681,71.3738,52.0781,57.2613,46.4206,46.8538,49.3726,70.1858,65.3273,67.0861,54.6233,48.4919,68.0727,58.1961,64.2839,68.0527,61.1745,49.6671,49.7338,71.6968,66.778,67.4355,70.2453,55.9816,57.6606,32.7988,61.4847,84.9529,53.7743,65.5981
03160110,63.6235,46.0415,67.2408,69.0872,53.1189,56.2281,49.3374,50.2469,49.0824,73.2096,68.7302,70.3025,54.1622,50.1798,69.4184,60.7229,63.8811,71.046,62.2623,50.9319,51.5942,73.2377,66.8179,70.6612,72.9268,56.9512,59.8746,33.0687,62.988,85.7209,53.8557,68.3443
03160111,62.65,46.9104,67.1192,69.7823,50.5789,55.3225,42.0816,46.9636,49.6433,68.6583,61.7504,56.6284,55.1231,45.0928,65.5449,58.7519,61.5439,67.3421,58.9085,49.3173,49.6858,66.7979,67.938,64.0379,69.4202,53.2194,54.359,32.5866,59.2717,81.3969,51.6695,63.8131
03160112,62.2516,44.2235,68.8497,81.7648,52.6745,55.5973,46.4453,48.6918,50.4536,69.0465,61.6814,63.8706,54.7157,49.2402,61.7075,56.403,65.1698,66.42,62.7375,49.6054,46.9452,70.4257,63.2241,69.1697,65.4008,63.2021,56.221,34.3314,57.4245,82.5291,52.5984,54.4457
03160113,59.6581,45.5329,63.2051,80.1245,53.0622,50.1551,48.3638,50.0424,51.6146,62.2655,60.8568,62.8272,58.7098,50.413,58.4039,57.9677,56.6895,66.1275,61.3125,49.7922,45.2938,62.5163,55.9511,62.8409,60.6008,66.4889,50.6796,36.0451,53.6983,72.4011,46.9867,52.5685
04100011,35.6124,42.8739,38.9096,39.1777,35.8928,39.9511,41.9188,34.4368,27.1883,34.3508,48.9085,26.5432,43.4431,35.4435,30.3478,37.5756,40.5081,38.0489,37.5488,32.5711,39.9585,33.8114,34.6687,43.0693,39.5154,40.3234,42.6704,43.0352,41.3933,33.675,33.8593,58.1766
04100012,35.0077,38.6463,40.3564,41.4027,36.511,41.4104,41.9776,36.5803,27.3576,37.1618,48.6828,27.4514,44.3583,35.6499,31.257,39.044,43.2518,38.6776,38.4248,33.3374,41.5722,31.6962,37.1092,42.9184,42.2908,41.7852,43.2296,45.8269,43.3913,35.2374,35.7632,60.2668
04110001,36.964,39.0417,39.5883,42.1059,39.6726,41.7736,39.7899,37.3685,30.646,41.7824,49.8363,28.1013,44.6503,37.7207,32.6765,38.9813,46.8754,37.9683,38.2681,36.4066,42.5366,32.9176,38.5515,45.4202,46.3115,43.1665,45.4939,46.1428,45.3888,36.884,37.8933,61.8367
04110002,41.8504,44.6587,41.2565,44.2305,45.6602,45.9525,42.1081,38.6945,34.5046,42.6341,53.8178,28.2489,46.5918,42.0478,36.3411,40.4652,51.5864,38.2511,38.3479,39.1942,43.3364,35.1333,38.6986,51.1739,48.4195,44.4234,50.8005,46.9814,48.4257,41.1498,39.7224,63.0756
04110003,41.4822,46.7543,40.0637,43.6401,44.6977,47.858,45.4467,44.457,36.3214,46.0474,56.5164,32.1141,48.1133,45.3001,39.3069,42.1834,58.4493,39.6564,36.8534,40.7028,43.5144,35.4091,39.0922,50.4209,47.1116,45.7575,55.6438,49.1167,53.748,42.0288,38.9812,65.2228
04110004,42.3105,46.0117,39.5117,42.8084,44.5529,48.0443,45.7476,44.3513,37.4172,46.0953,55.2607,31.8826,47.4355,45.3924,41.1135,41.1394,58.3044,38.6452,36.6556,40.8034,42.4448,35.4,39.8281,51.3485,48.2442,45.7832,56.2359,48.6297,53.6676,42.097,41.4437,65.8936
04120101,47.2701,46.247,45.1004,47.3109,45.1369,50.941,50.2844,46.9003,41.1342,45.2842,59.6204,35.0719,49.9647,46.3011,46.1309,40.304,60.183,45.5278,38.934,40.5847,45.7842,38.7107,47.5658,50.4812,54.2716,49.1329,51.9955,46.7158,54.441,46.4698,45.1983,60.3533
04130002,35.0368,41.9729,38.4387,37.2216,46.6135,39.8487,42.1087,41.1705,33.9052,42.79,48.3288,33.2982,46.2384,39.649,44.2298,37.1558,49.3972,42.7753,42.775,39.7352,44.6233,33.5426,45.5166,49.7544,49.4373,44.6159,50.5088,41.9978,44.628,39.9973,44.2738,51.3465
05010001,43.8092,48.5035,45.2747,45.5716,53.1476,47.0557,48.6682,48.3557,40.9925,47.8185,61.4957,38.8736,55.8625,48.8951,55.6225,43.8288,59.1787,50.767,44.2326,43.1003,45.3646,38.928,50.9359,55.4533,55.7603,46.6468,53.931,50.0845,50.1842,48.9899,46.8492,59.2596
05010002,46.6689,47.2957,47.712,46.7632,51.6536,52.0281,54.4722,45.9722,49.8344,49.9669,66.9431,43.3221,57.0783,50.6768,53.2799,45.5733,60.1292,53.6503,43.2264,43.9467,46.847,40.5693,52.245,52.099,56.6848,50.5638,52.3416,51.8801,56.5567,56.3391,51.3326,59.6186
05010003,47.5983,51.3615,45.4799,49.1796,52.9391,52.9575,50.8001,51.8009,43.3837,51.787,61.9111,39.0954,54.3989,49.7175,53.6082,44.671,58.4112,47.8115,41.5196,45.3809,45.1955,40.1053,50.1688,55.4506,57.839,44.8924,56.6931,53.3516,53.7609,49.9083,45.7193,63.2899
05010004,49.2693,52.8118,46.7745,48.9451,50.7784,54.1896,51.0208,51.07,44.5692,49.6887,63.4183,35.5895,53.5683,48.7079,49.6444,42.6346,61.9536,48.234,39.75,43.8876,47.4505,40.6023,48.1048,55.8299,57.6824,48.0338,55.9155,51.929,56.0411,49.3311,44.8314,64.2917
05010005,46.0356,49.2786,45.4542,50.3155,54.8228,51.4956,50.2213,47.7585,39.131,48.9829,58.4466,37.775,53.3245,48.7884,55.0536,43.7619,59.1034,47.9734,43.0518,46.3188,44.4651,39.1289,50.8332,53.1907,58.6021,44.6495,55.9061,53.1095,50.5821,47.8019,44.2641,61.4558
05010006,46.1428,47.0522,42.4202,46.6672,51.8221,47.5481,51.7583,44.8391,34.5691,46.829,55.7999,34.8275,46.9699,46.9731,53.9403,40.4141,57.9821,46.2343,40.7647,45.7654,44.2701,38.573,49.3545,53.4567,61.3918,45.1566,53.2022,52.2119,50.8406,47.7071,45.2684,61.9069
05010007,47.1562,47.4428,42.2551,46.3013,52.3626,47.9468,48.9598,45.109,41.7616,53.0073,52.8283,39.2853,42.8395,50.7145,50.4477,40.214,60.9422,47.8556,42.011,44.0811,44.0466,35.9601,46.2269,55.8094,58.415,44.2078,46.2969,50.51,49.3386,41.7592,47.026,58.4098
05010008,45.2486,48.1211,41.7041,44.2829,49.3747,48.9414,49.7044,46.3487,38.6597,49.9379,51.9121,38.0457,43.7231,46.5536,50.2652,38.8362,56.8012,45.0591,39.0562,43.9763,45.1656,37.5565,45.1413,54.8808,58.0231,45.8902,49.3034,54.4013,49.7415,45.22,45.2848,58.28
05010009,43.796,43.8182,38.9799,45.4081,46.944,48.2151,46.2353,43.5104,31.8034,45.7814,54.1692,32.6691,42.6747,43.4455,49.1304,37.3172,49.9011,42.5532,38.2858,41.9701,42.3399,38.0411,43.5752,49.9553,59.3105,44.2265,47.7166,51.8925,46.9465,43.4811,45.8029,57.3705
05020001,54.8074,56.55,53.9305,51.4664,59.2372,59.6639,55.6749,44.0152,42.3345,64.6031,60.5353,48.7484,50.0191,51.1693,58.7969,47.6582,78.256,52.6277,56.8722,48.2659,51.0555,48.9242,58.1628,68.6435,63.0058,52.6395,49.3737,56.6242,56.245,53.0222,48.4064,66.2017
05020002,52.1739,50.8063,46.5632,48.9583,49.3421,50.5049,50.5854,38.9531,37.7236,62.4766,59.7472,45.742,47.0435,48.4993,58.7699,47.7383,70.1893,48.6009,50.6427,45.0743,47.9808,46.5261,52.573,62.48,59.254,47.9303,47.1297,52.2355,54.3392,47.5097,45.2774,63.9867
05020003,50.2862,49.4279,42.1742,46.9695,49.5446,48.5405,49.2867,43.052,41.6272,55.6839,56.7679,39.3296,44.8915,45.6902,56.43,43.7443,66.4918,47.3735,47.036,43.8515,46.4516,45.0691,50.1733,61.908,55.8403,45.1825,45.7854,53.1285,54.9517,45.1274,43.7931,65.5172
05020004,54.2409,56.2516,52.9887,49.5222,59.0472,61.8035,55.2716,46.737,43.8307,62.3389,58.5783,46.5001,51.2234,52.828,60.4086,49.0322,78.7437,53.4874,52.2329,48.5052,51.0112,49.9089,60.1217,70.9485,62.3489,53.3851,50.7427,59.4735,61.87,54.6133,48.5043,69.1032
05020005,45.8646,44.8213,37.212,45.3873,42.5783,47.6991,45.5431,39.1134,37.0862,46.5901,50.5745,36.2008,40.4189,44.118,49.2764,37.9085,56.0596,41.2915,39.3455,42.9273,41.6861,39.7351,44.1871,54.8297,54.4947,42.612,42.3502,49.6744,48.7581,40.5434,40.0446,59.8859
05020006,45.1255,47.8614,41.8121,44.915,49.9141,52.3602,49.6822,44.2153,42.9318,52.2123,54.201,39.9013,44.5884,51.2289,53.026,42.0082,64.4623,47.6826,44.4264,44.4167,46.9172,41.9592,48.9358,60.5404,56.6318,47.3509,45.3259,53.8616,57.8221,50.7297,48.402,61.8256
05030101,48.1396,42.5557,38.4218,45.8801,40.9767,44.2995,39.43,37.8955,31.5974,41.1525,54.4208,31.5653,40.7589,40.4076,43.9178,35.0805,47.9307,38.8833,39.5521,39.3558,41.0348,36.9058,38.1859,49.3281,58.5596,44.5675,43.6173,47.6478,45.4072,37.7337,41.7225,54.8682
05030102,44.9602,45.1984,41.4808,44.7033,45.0658,47.7794,44.2723,44.3419,36.3593,43.2997,52.4082,30.4306,46.8577,42.4014,44.1695,38.1547,52.9771,38.5815,37.3867,40.4406,41.2883,35.5681,41.1611,52.2939,52.2992,46.4727,52.7398,47.0008,48.7549,42.2261,41.3619,60.0468
05030103,43.1693,41.0401,37.4852,43.2067,42.6937,43.3194,40.795,38.9312,33.0956,40.6198,51.4589,28.0815,44.3396,39.2353,39.809,36.3828,49.5759,35.6676,37.6638,38.2608,41.3369,34.4745,39.0177,52.1079,51.612,43.4468,50.0271,43.3173,46.9709,39.8036,40.2234,59.1988
05030104,45.7963,41.4356,37.938,43.4317,43.8859,44.4513,38.2742,40.0215,29.7129,40.8505,53.8958,31.7032,43.3797,40.0327,45.4196,37.0308,47.5528,38.9367,38.4967,39.3473,38.7709,35.7088,36.9225,49.4546,56.9096,45.6458,45.4341,47.5986,43.9418,40.0063,43.129,57.9335
05030105,45.7845,43.1556,39.7933,46.4261,48.2133,49.6634,44.7329,44.3543,33.9668,44.5745,54.3185,33.3013,46.6995,43.9031,49.3785,41.5208,51.2802,43.1213,39.3025,42.0113,41.9657,38.1401,42.5745,53.2654,57.7898,46.4224,49.6188,50.3024,47.4154,43.9988,44.4532,59.7822
05030106,51.6714,46.5187,39.7367,47.4841,40.198,45.2559,41.6526,37.9156,36.4633,50.4295,57.342,38.5191,42.3846,45.0857,48.9331,41.2313,54.9933,43.0526,43.8923,43.8906,43.694,42.3659,44.7992,56.1081,61.1248,45.5452,46.484,51.7529,51.0143,43.5078,39.4373,58.6714
05030201,49.1685,45.3668,43.3555,50.1328,42.7738,45.8462,44.3264,37.1557,37.6325,59.0383,60.3021,44.65,42.643,43.6931,52.2747,46.1164,59.8658,45.4911,48.0777,44.1628,47.0844,44.3391,47.7604,63.0293,60.4649,47.1533,48.7905,49.2582,53.9312,46.9153,45.639,64.9605
05030202,45.8269,36.9987,43.55,46.0727,39.6053,44.1429,39.7633,30.5302,34.8133,56.1788,53.1394,43.699,38.2608,40.1622,48.9963,45.2892,56.3301,44.0708,49.1374,41.1927,44.2231,39.5608,48.9659,57.0934,54.7055,40.588,47.5187,41.3787,49.8804,44.3422,46.3882,61.8333
05030203,49.8043,44.7779,46.4535,50.837,46.6544,49.6335,48.9293,37.8416,37.1466,64.9109,58.6556,47.8227,47.9363,45.52,56.6112,50.3004,65.1843,48.7189,53.0028,43.9317,47.9016,46.0251,52.4691,65.4579,59.8343,49.1953,48.2856,46.2693,53.4276,49.939,47.6123,64.736
05030204,45.9532,38.639,42.6238,44.0117,36.9844,43.0184,36.9611,28.0856,36.6257,54.6977,55.5887,36.4567,39.5087,40.3191,41.6904,41.9891,53.6498,44.2608,44.2207,37.4793,43.8232,40.7191,43.7834,50.1769,55.4167,43.0717,45.4898,41.398,47.1926,39.8661,40.9234,59.9838
05040001,47.425,43.566,38.489,45.6299,40.977,42.2332,38.8813,33.6798,33.0679,41.3725,54.6835,28.5681,40.6021,41.0483,38.9388,38.3311,48.0774,36.3967,41.0389,36.614,42.8582,35.7573,38.0842,50.0756,55.8059,45.3941,45.8471,45.4599,45.5062,37.9991,41.7844,60.6401
05040002,41.6331,41.6688,42.0924,41.022,40.408,44.3442,45.595,36.576,33.0715,42.3468,56.3111,27.2666,44.3649,40.1007,34.0709,43.6613,48.7608,38.2303,40.3184,34.303,44.8613,36.7864,38.8246,46.5405,49.7155,43.1628,47.6916,49.4839,46.238,40.2115,39.9516,58.1934
05040003,45.199,41.6973,40.7581,42.1594,39.9574,41.0383,41.8073,34.1721,34.7907,42.8965,56.0357,28.3111,42.8559,41.298,36.1004,43.3577,49.4182,38.145,41.8576,35.864,45.8911,37.1929,39.4818,47.1392,52.5339,44.7255,47.4372,47.8622,45.1391,38.4271,38.6522,56.6331
05040004,46.1181,40.8341,41.0641,46.657,37.8839,42.214,38.1022,30.9761,35.7246,48.3403,54.4801,33.6307,38.3402,39.1399,39.7907,40.8375,50.0735,41.8569,46.3055,36.4026,42.109,39.959,41.7502,50.422,56.3391,45.3569,44.0032,42.2688,48.0099,37.6884,38.8379,59.0758
05040005,49.0168,43.1302,39.5844,48.4562,38.3909,41.8528,39.344,33.3805,33.5718,46.3066,54.7731,29.6116,36.9901,40.4705,40.1057,38.1979,46.2442,38.9972,45.2411,39.2586,40.0254,38.9017,40.3553,52.7023,60.7551,44.7187,45.3147,45.1527,47.6742,38.7475,40.6666,59.3614
05040006,44.5365,43.9037,39.7261,43.5084,38.9153,41.453,40.2248,31.8655,39.3813,45.6231,56.5488,30.8587,42.5356,44.1696,38.001,45.3319,49.8179,43.4902,43.5468,34.6755,45.8963,38.8533,41.7726,47.8052,53.2669,47.8063,46.3619,46.2838,48.6659,38.5169,37.4243,57.7922
05050002,41.3244,36.6095,45.7187,41.0877,42.3458,39.3608,40.0425,40.4995,32.0729,51.01,45.8992,40.1772,43.27,41.6167,41.9263,44.2146,52.1836,34.4208,45.4802,36.2465,38.0148,40.2919,46.9683,57.9293,53.4226,38.2958,43.3454,35.9091,38.0972,50.9529,40.9185,46.4316
05050003,43.9498,43.7139,49.7759,46.4329,54.6619,46.0088,43.6512,43.9941,34.9332,55.1649,50.1747,43.7624,43.748,46.9045,47.4727,45.1982,61.6199,40.5835,47.1044,41.107,45.4444,40.0044,50.3642,63.2942,52.5462,40.9451,43.2821,44.999,44.0438,52.6866,42.8037,48.3713
05050004,44.1799,43.2082,47.2252,44.3573,47.8433,42.3276,44.5905,41.0311,35.3018,51.8365,49.103,44.0707,44.3117,43.3893,48.8484,43.4888,56.1254,38.6247,48.444,39.5295,45.246,45.9672,51.7961,64.5204,53.5694,42.2011,44.9632,41.7267,45.7401,51.2625,44.6765,47.0596
05050005,51.2199,55.584,56.1857,54.3257,58.3171,53.9321,53.4139,46.3799,39.8965,60.8652,58.2968,50.7804,51.5331,53.3904,61.1869,54.3138,71.0416,48.0776,55.9928,47.165,56.8531,51.7037,60.6349,74.1722,62.8334,53.6402,49.2207,53.3535,55.2612,57.7023,53.7295,57.7124
05050006,47.5001,42.3038,48.4083,44.4455,46.5064,43.6641,48.2916,41.6342,36.1347,57.4906,51.4278,46.348,45.0696,47.3933,51.3381,47.4293,58.6481,42.6921,51.1101,38.9049,47.0754,46.4433,51.7497,62.4652,58.0911,46.8145,46.2218,42.2447,48.3818,52.2841,49.8094,54.7501
05050007,50.4698,50.6834,51.1366,51.4659,52.5657,53.4588,52.7673,44.9472,38.8953,63.2098,59.3112,51.7564,55.6215,51.7303,58.6554,53.8751,70.7702,50.3197,57.3364,46.6726,52.8362,48.0922,58.1683,69.7891,63.246,54.1379,49.4566,49.7272,54.5737,55.8676,52.5607,63.2538
05050008,45.9372,38.0252,45.2193,46.5513,43.7727,45.6184,44.2409,36.8292,36.2866,57.7811,51.2012,45.2929,43.9695,45.1453,51.5354,48.0828,58.6844,43.8944,50.1803,39.0902,43.7087,39.81,49.0827,59.2188,56.6038,43.0944,45.726,40.54,49.2318,49.5284,47.5584,59.9622
05050009,51.3208,45.2707,52.4447,47.7735,50.8758,48.2088,49.0785,43.1418,40.4337,61.3229,54.2962,49.8578,48.4699,50.0532,54.2112,49.5378,60.8384,45.027,52.4604,41.1053,48.0822,46.9392,54.6326,66.2989,60.6223,46.9693,50.0893,43.8057,50.2468,57.7154,54.1192,58.6065
05060001,40.7011,39.5798,38.2365,39.3993,36.6938,40.2874,40.3333,31.2601,33.6838,43.4562,53.9029,28.17,43.896,43.0742,33.0554,45.2835,47.9628,38.6788,39.104,33.8736,44.1472,39.7091,39.9179,48.9755,46.5586,44.8393,45.0736,44.1236,44.1721,37.1909,36.3807,59.6354
05060002,43.823,37.0994,42.3494,42.5415,38.7477,41.529,37.2071,27.8054,37.2248,52.7706,54.9261,37.924,40.6057,39.0834,43.893,42.1427,53.1559,43.802,44.1792,35.1238,45.9946,41.9192,45.9062,53.4968,50.109,40.9016,46.7174,43.1566,46.9161,42.972,41.9573,61.5823
05060003,42.7887,38.2788,39.9771,43.312,39.6891,42.3824,35.7446,27.3458,37.4817,49.9022,56.3475,36.724,38.7801,38.8687,38.0698,42.0446,52.5905,42.0459,43.5528,30.0413,47.2964,41.2534,45.3028,50.3091,47.8577,41.1623,46.9474,43.0059,46.2147,40.4743,39.6391,61.747
05070101,52.1426,47.5903,54.1105,49.3145,54.1292,48.5475,50.4539,45.2497,41.66,60.0824,53.878,49.7078,49.9016,48.7556,53.725,48.4901,59.5875,43.3292,52.0094,42.7047,48.9698,48.1366,59.0003,67.0416,60.1614,46.5728,53.5001,43.977,50.6409,61.648,52.7864,58.2256
05070102,46.0917,40.5405,50.2506,46.0313,47.2191,47.7154,44.3109,41.714,39.5554,63.1091,55.2207,46.8762,44.9054,50.4733,53.5069,49.7767,60.778,44.2246,51.4634,41.0657,47.0716,41.4497,51.201,63.7555,58.7948,46.0725,50.3889,42.8692,47.6888,55.8063,51.8015,60.3943
05070201,45.7896,44.258,52.9362,45.0921,52.6059,46.9066,47.2089,45.3614,39.9625,61.3299,54.08,46.8959,46.2471,47.4407,52.2093,48.358,59.2496,42.1558,53.3029,40.7774,47.5132,43.605,56.2079,63.793,58.5825,46.1886,52.2228,41.3709,44.8016,58.97,50.8956,59.7723
05070202,45.0383,45.0552,55.8087,43.5905,53.1408,44.7914,50.4875,49.4613,36.7698,62.5559,52.6402,52.1469,45.598,48.5942,56.246,50.1498,60.4128,43.6514,56.82,40.9948,45.4512,45.7737,54.5286,61.184,58.6209,44.2103,50.3646,36.9222,43.4677,58.2519,51.3513,60.4352
05070203,41.8523,41.4132,50.7465,42.763,51.3174,44.3141,43.8346,40.825,38.7312,59.1961,52.2358,48.278,45.8647,52.9655,56.0224,46.8381,57.0199,44.478,52.733,38.6379,47.7488,41.2089,53.8605,62.3154,58.0341,41.5506,50.8517,38.5504,42.4786,55.8806,47.0449,62.142
05070204,39.5997,39.2275,48.5013,44.4914,45.5745,44.1767,41.5264,39.224,38.0274,58.661,53.4532,42.6354,42.8718,51.3831,50.4955,46.2913,57.8047,45.1931,49.4876,41.4436,48.6581,41.5348,54.13,65.994,58.8219,41.0726,53.2187,41.5855,42.7648,52.7654,48.3128,62.5375
05090101,45.9392,36.7467,43.8844,44.4683,40.2932,45.4799,41.3522,31.1931,35.9354,56.6622,52.9415,42.0296,38.4822,41.0715,47.5803,44.6867,56.2563,42.7683,46.7788,40.3748,45.4115,38.6782,48.7372,56.0652,54.0295,38.921,46.529,41.1254,48.1706,45.9234,48.2738,61.8922
05090102,43.9383,40.4545,51.1505,45.9464,47.6966,48.1137,42.7592,42.1518,40.4497,63.9029,56.0215,44.7347,44.8079,52.5123,52.0019,48.7794,59.9038,43.838,51.561,41.6441,48.3409,42.0524,53.1185,67.2076,57.2581,44.7719,53.2001,42.421,46.2826,56.2874,50.9155,62.7152
05090103,42.7186,37.3256,46.8308,43.5486,45.7121,43.6848,42.8047,33.9911,39.4116,57.3218,54.7256,44.1194,41.9481,44.4873,50.1524,46.5402,56.8047,45.4914,46.812,39.6324,48.0872,42.2579,52.2782,59.8902,54.9516,39.8423,48.6655,40.2346,47.6147,49.5424,48.2574,62.712
05090104,39.1795,38.1161,49.0528,44.2328,46.9783,43.3042,43.1065,39.0464,40.358,59.2252,55.8221,44.1331,43.2585,50.4418,49.1026,48.1004,57.5163,47.0156,48.3695,40.4275,48.7293,42.2553,54.5956,63.5158,61.8021,43.123,53.8206,43.1529,45.6088,53.3324,50.7448,62.346
05090201,42.8655,40.8086,47.3193,45.9331,46.3502,42.7736,40.985,32.657,40.1353,53.996,57.381,45.0774,43.0084,43.8997,46.978,45.8512,58.9248,49.1623,48.6231,35.9283,49.7922,45.2376,49.3824,55.4821,52.6181,41.9529,49.4719,41.9902,50.2817,49.9198,44.1399,64.4519
05100101,42.0507,41.7345,49.5206,44.2921,48.7611,42.6248,41.552,37.5002,44.001,57.1135,59.2957,47.6898,44.356,50.4466,50.2518,48.6471,59.694,51.9877,51.8915,37.775,50.928,46.1792,53.7716,60.8056,60.6907,42.1242,51.5795,44.3673,47.5711,55.7809,46.8318,68.1477
05100102,41.1632,40.5754,50.1968,45.7787,44.9199,40.7768,38.7359,34.7911,41.4689,55.8183,57.5604,46.7481,44.0588,47.0858,46.5779,48.1393,57.3891,55.0555,50.602,35.0672,48.1893,49.3534,53.6145,58.048,60.8238,38.626,53.0591,44.6338,49.2039,55.8235,46.9663,71.4768
05100201,41.45,43.8337,53.262,41.802,52.1932,48.7401,45.2972,43.0063,42.2742,64.9353,58.4925,55.6681,48.4967,56.3158,57.0979,50.2815,58.0321,46.9687,55.5714,39.5358,46.6348,46.0275,54.8337,65.3145,63.6235,44.3695,53.5067,39.4306,46.2644,59.4845,49.4193,65.7146
05100202,43.4641,47.4255,57.4898,46.0439,55.5936,51.8209,49.6945,47.8944,43.2566,71.9424,67.184,64.2674,53.7672,57.4643,63.1951,53.1378,64.6043,51.8124,58.6974,41.9872,49.0146,47.7216,56.3237,69.0414,67.3818,47.0552,58.4524,42.7569,50.2365,64.251,56.1597,71.8987
05100203,40.9155,48.0376,53.8091,47.3232,54.7529,50.3669,49.0258,44.2721,44.4118,70.2258,65.0285,59.7069,51.5776,55.6469,63.5737,52.4811,64.2621,49.8869,58.4026,39.5844,47.0749,45.1957,55.4236,65.9817,67.2734,43.4376,54.0342,41.2498,45.7944,62.874,54.9674,67.6803
05100204,39.7796,46.4379,51.8093,45.3212,53.1003,46.3408,46.1843,43.8822,46.4917,66.8143,63.9916,52.723,44.7587,52.5244,54.5247,50.9868,56.2067,50.4439,54.154,36.9956,47.3746,46.0231,57.3808,62.5683,67.3633,41.8688,54.0403,45.0398,46.6547,56.8713,49.0443,65.1274
05100205,37.7569,41.59,47.3263,47.0254,48.1973,41.4464,41.7723,35.2169,42.9671,56.0933,59.1307,45.8326,47.3846,47.2156,46.8426,48.9007,56.9068,53.1512,51.2232,36.1828,47.2528,45.4386,52.2999,57.6737,58.6507,38.1744,55.2874,43.6215,48.0955,56.9803,44.5987,67.5179
05110001,38.9964,52.7974,56.9113,54.0786,59.3555,43.6084,49.5036,42.8783,49.6117,61.7728,59.039,49.0181,50.1621,45.9415,55.1775,57.3703,62.0351,57.4449,53.0325,40.365,48.1337,46.4584,60.189,61.7657,62.0844,43.9655,60.2255,46.917,49.9747,60.72,50.8326,68.0995
05130101,46.0721,52.2298,62.2899,52.8779,60.1656,49.1507,52.8196,47.8298,48.9013,73.4684,64.8893,64.7645,54.8772,56.0568,68.0374,56.495,69.8128,54.8615,61.2867,45.3228,47.3728,48.7439,57.3771,68.4404,65.772,46.14,54.843,41.2312,49.3452,68.8435,59.4644,74.9212
05130102,37.1376,51.2094,55.2157,48.26,56.5166,44.8734,47.823,40.6829,46.7757,64.8589,59.8935,52.087,48.6996,51.6806,59.6167,53.9948,61.4069,50.4381,58.3341,40.8555,44.7193,43.7211,55.1647,59.4344,66.5754,40.3683,51.0671,39.6682,45.2255,57.772,51.8972,61.7004
05130103,37.2391,51.602,58.0327,51.4387,58.5537,44.3529,47.9423,42.8172,47.9639,65.6114,57.3602,50.3821,50.3259,47.3124,64.0046,54.9015,60.0821,52.6451,57.2856,43.04,46.8182,45.5783,57.0949,61.6081,64.3467,41.1863,54.926,41.0481,44.7396,61.2526,57.4599,63.7082
05130104,44.1348,51.6277,62.0781,54.3384,59.2984,47.9821,49.1658,46.8217,47.9078,71.7536,59.3337,60.3389,56.5432,51.2631,68.0036,56.6936,64.543,55.6484,61.9851,49.3154,48.8422,49.2228,62.4952,70.1237,68.1909,45.7353,55.1437,42.2144,50.7695,70.6066,64.311,77.7329
05130105,41.1359,52.0834,61.7892,52.5307,59.6173,44.8714,50.6845,43.5688,47.041,68.203,59.8731,57.8659,56.4644,49.0411,65.6578,55.5911,61.0131,54.7845,60.4968,48.8593,50.5296,51.2322,60.5682,68.8538,68.6702,44.3825,51.7493,41.3111,48.429,67.4438,59.8914,71.097
05130106,42.1068,53.0659,66.0664,57.1705,60.5722,43.4441,53.1124,42.4437,46.0489,69.8815,63.0312,59.6667,57.4901,48.5101,65.0773,55.9469,61.7952,57.8426,64.3568,50.4526,52.6491,53.1314,64.6041,71.0442,70.7856,44.6229,51.1407,41.5712,49.2353,68.4086,61.6725,71.0373
05130107,47.9993,51.5719,61.995,65.6164,63.4769,45.9252,55.4575,48.1178,46.6776,75.8141,66.7058,66.0091,59.4835,52.2458,71.2636,62.9231,65.2507,62.8338,69.0968,49.6977,54.8525,58.7428,67.8906,69.2989,70.3244,47.1609,51.8801,35.5926,51.7992,65.7455,52.922,70.4963
05130108,46.946,51.6111,63.4067,60.0007,62.6594,44.4969,53.9574,45.3438,47.3551,73.6989,61.7942,62.3542,58.142,50.4699,69.4124,59.4755,62.5021,59.0797,70.1302,49.3112,52.8543,51.7485,65.0304,69.9908,66.5751,46.3326,50.7464,37.6497,49.7372,67.0592,54.9227,70.5809
05130203,47.3395,46.36,59.822,58.8302,63.8271,39.8913,54.5137,41.8328,43.5929,71.8866,56.489,59.3095,53.691,48.3542,67.8202,57.2781,61.0682,56.1635,58.4099,46.6705,50.936,54.0524,60.3385,63.7725,62.8943,44.17,50.9281,38.851,47.8606,61.5083,56.4687,63.5417
06010201,48.5804,50.0656,66.1924,52.8158,59.2701,43.4623,43.6412,42.6353,43.8593,71.9156,66.1402,62.3702,58.0634,51.3831,69.8131,54.3627,64.4301,58.7915,64.1634,55.2804,50.5706,50.6544,62.864,73.5569,66.7919,49.9987,54.9789,38.7392,53.5649,70.1461,55.9358,69.3515
06010205,45.6533,47.9019,57.7441,45.7459,50.972,43.888,47.167,45.5188,38.5395,62.5019,55.201,58.0504,46.9494,48.0538,58.8028,49.7324,62.1789,48.5358,57.2485,42.526,43.2891,46.6476,55.2553,64.9521,59.5829,44.2464,51.8966,37.2511,45.5412,61.059,51.8763,62.6029
06010206,48.6754,51.5173,62.0976,49.8188,57.0872,46.5138,50.7488,47.1336,44.546,70.595,61.253,67.5211,51.8918,53.8771,66.9155,54.9871,68.7931,54.6825,60.3274,44.5027,44.4913,49.4722,56.9214,67.0668,62.7506,46.0023,54.4639,41.572,48.6401,65.4529,56.4077,71.5368
06010207,44.0481,47.4109,58.7812,50.8802,58.0072,45.0441,43.6675,42.013,43.9584,69.9503,61.8304,64.0595,52.133,50.4875,70.324,51.692,64.7354,55.544,61.9926,50.6004,48.7201,48.2103,63.6025,73.3509,67.9487,48.7487,54.8484,38.7475,51.273,70.5904,58.3547,72.9687
06010208,45.5716,52.1823,67.417,55.7413,63.259,48.4468,49.2522,45.1209,50.532,73.6157,64.1799,63.5181,58.2906,50.5746,69.1752,57.9431,65.9781,57.4997,68.9166,54.293,49.9891,49.259,66.0929,77.5059,70.7673,50.9978,54.6072,44.8434,55.2514,71.2737,58.3233,74.2731
06020001,53.1815,47.7475,63.4074,62.2189,55.8478,43.3807,46.3932,45.3024,45.3729,77.0982,73.138,59.7483,59.6253,45.2267,73.187,58.3749,61.9289,58.202,58.9005,50.1759,51.2363,53.1108,58.7878,72.6912,66.016,51.2881,48.9568,38.5854,56.0855,71.8189,50.1702,67.2775
06020004,52.8732,50.4334,62.978,67.2592,61.4651,48.4505,52.041,47.857,48.9336,79.4501,72.3657,64.9953,62.0693,50.8129,74.8162,63.8655,66.2488,60.3153,67.5376,53.1291,53.8356,55.3153,63.4784,73.7851,72.9188,52.8576,51.3126,38.4307,58.1176,69.4458,53.2265,69.4085
06030001,57.6536,51.0969,60.6588,64.5125,55.9552,53.261,47.3268,48.3697,48.8193,77.0017,74.7712,61.9692,58.7816,47.8238,71.2517,59.9296,64.1919,65.6031,57.268,53.9405,55.4989,64.4166,63.0797,64.9442,70.3321,51.2996,50.4646,37.6011,57.653,70.9157,51.7206,71.0749
06030002,58.7256,47.0797,62.9095,66.114,54.7257,50.4188,51.515,47.762,47.0053,76.8121,70.8259,67.6367,53.9324,52.0247,69.9566,57.5821,64.1,64.2311,59.8039,52.9957,52.8132,70.8127,59.3377,62.9174,71.8416,50.3937,49.4267,33.64,57.2919,71.9754,53.2686,70.2401
06030003,50.8227,46.5397,60.0596,66.8527,57.62,45.665,53.6953,45.3539,45.8312,77.6229,70.1715,72.9991,56.3506,54.2544,69.4977,62.1057,68.7464,64.727,68.3005,52.1062,58.187,68.9752,62.3699,67.0359,74.4703,50.9235,48.361,33.8222,55.7879,65.8106,52.3936,70.442
06030004,56.4796,47.3509,61.2603,70.4378,56.3337,45.4958,54.9268,45.5477,45.5656,80.096,67.4732,75.5871,56.1238,51.3384,67.9753,62.0151,70.1231,64.9228,70.7752,56.3316,56.3506,73.3965,67.4998,65.4054,81.389,52.3083,52.4747,36.0302,54.3297,68.0056,52.3066,67.8398
06030005,57.211,47.2874,63.2581,69.4373,53.6039,47.029,56.3227,44.3538,47.0744,75.4887,66.2354,83.3541,56.6579,51.7277,71.3544,59.365,65.6518,68.5709,65.7723,54.0478,48.0882,69.901,65.6989,63.5275,78.259,51.6683,50.3764,36.246,55.7072,69.065,52.8455,65.865
06030006,59.9387,45.199,66.6466,76.3481,52.1969,51.0191,58.2297,44.837,48.0788,75.4036,69.4049,88.1584,56.0807,53.3471,71.4555,59.7758,64.816,71.6039,62.4018,52.1067,46.4354,72.775,70.4437,64.9062,76.9674,53.0496,51.469,36.7985,58.2076,71.9986,47.3407,69.9481
06040002,49.5786,45.3668,59.0337,63.6232,59.4683,43.1913,53.6295,43.9483,44.392,75.7118,65.1405,69.7252,56.9909,52.5419,67.7685,60.8557,65.0133,61.7578,67.5194,50.1694,56.6746,64.7857,65.6383,65.2144,71.6266,46.5021,50.0064,37.1027,51.5694,62.6152,51.6075,68.7462
